{
	"credit": "Made with Blockbench",
	"texture_size": [64, 64],
	"textures": {
		"0": "dominiaitems:item/norietta_gladius",
		"particle": "dominiaitems:item/norietta_gladius"
	},
	"elements": [
		{
			"from": [8, 9, 7.08],
			"to": [10, 11, 7.92],
			"rotation": {"angle": -45, "axis": "z", "origin": [9, 10, 7.06]},
			"faces": {
				"north": {"uv": [7.25, 2.25, 7.75, 2.75], "texture": "#0"},
				"east": {"uv": [7.75, 9, 8, 9.5], "texture": "#0"},
				"south": {"uv": [7.25, 3.75, 7.75, 4.25], "texture": "#0"},
				"west": {"uv": [8.25, 9, 8.5, 9.5], "texture": "#0"},
				"up": {"uv": [9.5, 7.75, 9, 7.5], "texture": "#0"},
				"down": {"uv": [9.25, 9, 8.75, 9.25], "texture": "#0"}
			}
		},
		{
			"from": [7, 9, 7.09],
			"to": [8.8, 26, 7.91],
			"rotation": {"angle": 0, "axis": "y", "origin": [7, 16, 7]},
			"faces": {
				"north": {"uv": [0, 0, 0.5, 4.25], "texture": "#0"},
				"east": {"uv": [3, 0, 3.25, 4.25], "texture": "#0"},
				"south": {"uv": [0.75, 0, 1.25, 4.25], "texture": "#0"},
				"west": {"uv": [3.5, 0, 3.75, 4.25], "texture": "#0"},
				"up": {"uv": [9.25, 3, 8.75, 2.75], "texture": "#0"},
				"down": {"uv": [9.25, 3.25, 8.75, 3.5], "texture": "#0"}
			}
		},
		{
			"from": [8.5, 9, 7.2],
			"to": [9.5, 25, 7.8],
			"rotation": {"angle": 0, "axis": "z", "origin": [7, 22, 7]},
			"faces": {
				"north": {"uv": [4.5, 0, 4.75, 4], "texture": "#0"},
				"east": {"uv": [6.25, 5, 6.375, 9], "texture": "#0"},
				"south": {"uv": [0.5, 4.5, 0.75, 8.5], "texture": "#0"},
				"west": {"uv": [1, 6.5, 1.125, 10.5], "texture": "#0"},
				"up": {"uv": [10, 0.125, 9.75, 0], "texture": "#0"},
				"down": {"uv": [5.25, 9.75, 5, 9.875], "texture": "#0"}
			}
		},
		{
			"from": [9.2, 9, 7.09],
			"to": [11, 26, 7.91],
			"rotation": {"angle": 0, "axis": "y", "origin": [7.2, 16, 7]},
			"faces": {
				"north": {"uv": [1.5, 0, 2, 4.25], "texture": "#0"},
				"east": {"uv": [4, 0, 4.25, 4.25], "texture": "#0"},
				"south": {"uv": [2.25, 0, 2.75, 4.25], "texture": "#0"},
				"west": {"uv": [0, 4.5, 0.25, 8.75], "texture": "#0"},
				"up": {"uv": [9.25, 4.5, 8.75, 4.25], "texture": "#0"},
				"down": {"uv": [9.25, 4.75, 8.75, 5], "texture": "#0"}
			}
		},
		{
			"from": [9.19081, 23.87379, 7.11],
			"to": [10.19081, 26.87379, 7.89],
			"rotation": {"angle": -22.5, "axis": "z", "origin": [9.19081, 23.87379, 7]},
			"faces": {
				"north": {"uv": [4, 8.25, 4.25, 9], "texture": "#0"},
				"east": {"uv": [5, 8.25, 5.25, 9], "texture": "#0"},
				"south": {"uv": [4.5, 8.5, 4.75, 9.25], "texture": "#0"},
				"west": {"uv": [5.5, 8.5, 5.75, 9.25], "texture": "#0"},
				"up": {"uv": [9.75, 3.25, 9.5, 3], "texture": "#0"},
				"down": {"uv": [9.75, 4.25, 9.5, 4.5], "texture": "#0"}
			}
		},
		{
			"from": [7.88531, 23.4911, 7.11],
			"to": [8.88531, 26.4911, 7.89],
			"rotation": {"angle": 22.5, "axis": "z", "origin": [7.88531, 23.4911, 6.99]},
			"faces": {
				"north": {"uv": [5.75, 7.5, 6, 8.25], "texture": "#0"},
				"east": {"uv": [7.75, 8, 8, 8.75], "texture": "#0"},
				"south": {"uv": [8.25, 0, 8.5, 0.75], "texture": "#0"},
				"west": {"uv": [8.25, 1, 8.5, 1.75], "texture": "#0"},
				"up": {"uv": [7.5, 4.75, 7.25, 4.5], "texture": "#0"},
				"down": {"uv": [5.25, 9.25, 5, 9.5], "texture": "#0"}
			}
		},
		{
			"from": [7.15842, 30.68006, 7.11],
			"to": [7.25842, 31.68006, 7.89],
			"rotation": {"angle": -22.5, "axis": "z", "origin": [7.65842, 27.18006, 7.5]},
			"faces": {
				"north": {"uv": [9.25, 9.75, 9.375, 10], "texture": "#0"},
				"east": {"uv": [4.5, 9.5, 4.75, 9.75], "texture": "#0"},
				"south": {"uv": [9.75, 9.75, 9.875, 10], "texture": "#0"},
				"west": {"uv": [9.5, 4.75, 9.75, 5], "texture": "#0"},
				"up": {"uv": [3.125, 10.25, 3, 10], "texture": "#0"},
				"down": {"uv": [10.125, 3, 10, 3.25], "texture": "#0"}
			}
		},
		{
			"from": [7.27322, 25.95722, 7.11],
			"to": [7.77322, 30.65722, 7.89],
			"rotation": {"angle": -22.5, "axis": "z", "origin": [7.77322, 27.45722, 7.5]},
			"faces": {
				"north": {"uv": [0, 9, 0.125, 10.125], "texture": "#0"},
				"east": {"uv": [7.25, 7, 7.5, 8.125], "texture": "#0"},
				"south": {"uv": [1.5, 9, 1.625, 10.125], "texture": "#0"},
				"west": {"uv": [1.5, 7.5, 1.75, 8.625], "texture": "#0"},
				"up": {"uv": [6.625, 10.25, 6.5, 10], "texture": "#0"},
				"down": {"uv": [10.125, 6.5, 10, 6.75], "texture": "#0"}
			}
		},
		{
			"from": [7.25, 25, 7.12],
			"to": [10.75, 27.4, 7.88],
			"rotation": {"angle": 0, "axis": "z", "origin": [9.52322, 28.65722, 7.5]},
			"faces": {
				"north": {"uv": [5, 5.75, 5.875, 6.375], "texture": "#0"},
				"east": {"uv": [6.75, 8.5, 7, 9.125], "texture": "#0"},
				"south": {"uv": [6, 4, 6.875, 4.625], "texture": "#0"},
				"west": {"uv": [7.25, 8.5, 7.5, 9.125], "texture": "#0"},
				"up": {"uv": [8.625, 5.5, 7.75, 5.25], "texture": "#0"},
				"down": {"uv": [8.625, 5.75, 7.75, 6], "texture": "#0"}
			}
		},
		{
			"from": [7.75, 27.4, 7.12],
			"to": [10.25, 28.7, 7.88],
			"rotation": {"angle": 0, "axis": "z", "origin": [9.52322, 31.65722, 7.5]},
			"faces": {
				"north": {"uv": [7.75, 3, 8.375, 3.375], "texture": "#0"},
				"east": {"uv": [3, 9.25, 3.25, 9.625], "texture": "#0"},
				"south": {"uv": [7.75, 4.5, 8.375, 4.875], "texture": "#0"},
				"west": {"uv": [4, 9.25, 4.25, 9.625], "texture": "#0"},
				"up": {"uv": [8.875, 8.75, 8.25, 8.5], "texture": "#0"},
				"down": {"uv": [9.375, 0, 8.75, 0.25], "texture": "#0"}
			}
		},
		{
			"from": [8.536, 29.9, 7.12],
			"to": [9.464, 30.6, 7.88],
			"rotation": {"angle": 0, "axis": "z", "origin": [9, 30.25, 7.5]},
			"faces": {
				"north": {"uv": [4.5, 10, 4.75, 10.125], "texture": "#0"},
				"east": {"uv": [10, 4.75, 10.25, 4.875], "texture": "#0"},
				"south": {"uv": [10, 5.25, 10.25, 5.375], "texture": "#0"},
				"west": {"uv": [5.5, 10, 5.75, 10.125], "texture": "#0"},
				"up": {"uv": [9.75, 6.75, 9.5, 6.5], "texture": "#0"},
				"down": {"uv": [7, 9.5, 6.75, 9.75], "texture": "#0"}
			}
		},
		{
			"from": [8.8, 30.6, 7.12],
			"to": [9.2, 31.2, 7.88],
			"rotation": {"angle": 0, "axis": "z", "origin": [9, 31.25, 7.5]},
			"faces": {
				"north": {"uv": [10.5, 4, 10.625, 4.125], "texture": "#0"},
				"east": {"uv": [10, 9, 10.25, 9.125], "texture": "#0"},
				"south": {"uv": [4.5, 10.5, 4.625, 10.625], "texture": "#0"},
				"west": {"uv": [10.25, 0, 10.5, 0.125], "texture": "#0"},
				"up": {"uv": [0.625, 10.5, 0.5, 10.25], "texture": "#0"},
				"down": {"uv": [10.375, 0.5, 10.25, 0.75], "texture": "#0"}
			}
		},
		{
			"from": [8.875, 31.2, 7.12],
			"to": [9.125, 31.4, 7.88],
			"rotation": {"angle": 0, "axis": "z", "origin": [9, 31.85, 7.5]},
			"faces": {
				"north": {"uv": [10.5, 8.5, 10.625, 8.625], "texture": "#0"},
				"east": {"uv": [10, 10.25, 10.25, 10.375], "texture": "#0"},
				"south": {"uv": [10.5, 9, 10.625, 9.125], "texture": "#0"},
				"west": {"uv": [0, 10.5, 0.25, 10.625], "texture": "#0"},
				"up": {"uv": [1.625, 10.75, 1.5, 10.5], "texture": "#0"},
				"down": {"uv": [2.125, 10.5, 2, 10.75], "texture": "#0"}
			}
		},
		{
			"from": [8.92, 31.4, 7.12],
			"to": [9.08, 31.53, 7.88],
			"rotation": {"angle": 0, "axis": "z", "origin": [9, 32.05, 7.5]},
			"faces": {
				"north": {"uv": [10.5, 10, 10.625, 10.125], "texture": "#0"},
				"east": {"uv": [2.5, 10.5, 2.75, 10.625], "texture": "#0"},
				"south": {"uv": [10.5, 10.5, 10.625, 10.625], "texture": "#0"},
				"west": {"uv": [3, 10.5, 3.25, 10.625], "texture": "#0"},
				"up": {"uv": [10.625, 3.25, 10.5, 3], "texture": "#0"},
				"down": {"uv": [4.125, 10.5, 4, 10.75], "texture": "#0"}
			}
		},
		{
			"from": [9.2, 30.6, 7.12],
			"to": [9.307, 30.98, 7.88],
			"rotation": {"angle": 0, "axis": "z", "origin": [9.4, 31.25, 7.5]},
			"faces": {
				"north": {"uv": [10.5, 4.5, 10.625, 4.625], "texture": "#0"},
				"east": {"uv": [10.25, 1, 10.5, 1.125], "texture": "#0"},
				"south": {"uv": [10.5, 5, 10.625, 5.125], "texture": "#0"},
				"west": {"uv": [10.25, 1.5, 10.5, 1.625], "texture": "#0"},
				"up": {"uv": [10.375, 2.25, 10.25, 2], "texture": "#0"},
				"down": {"uv": [10.375, 2.5, 10.25, 2.75], "texture": "#0"}
			}
		},
		{
			"from": [9.307, 30.6, 7.12],
			"to": [9.417, 30.716, 7.88],
			"rotation": {"angle": 0, "axis": "z", "origin": [9.407, 31.25, 7.5]},
			"faces": {
				"north": {"uv": [6.5, 10.5, 6.625, 10.625], "texture": "#0"},
				"east": {"uv": [6, 10.25, 6.25, 10.375], "texture": "#0"},
				"south": {"uv": [10.5, 6.75, 10.625, 6.875], "texture": "#0"},
				"west": {"uv": [7.5, 10.25, 7.75, 10.375], "texture": "#0"},
				"up": {"uv": [10.375, 7.75, 10.25, 7.5], "texture": "#0"},
				"down": {"uv": [8.125, 10.25, 8, 10.5], "texture": "#0"}
			}
		},
		{
			"from": [8.583, 30.6, 7.12],
			"to": [8.693, 30.716, 7.88],
			"rotation": {"angle": 0, "axis": "z", "origin": [8.683, 31.25, 7.5]},
			"faces": {
				"north": {"uv": [7, 10.5, 7.125, 10.625], "texture": "#0"},
				"east": {"uv": [8.5, 10.25, 8.75, 10.375], "texture": "#0"},
				"south": {"uv": [10.5, 8, 10.625, 8.125], "texture": "#0"},
				"west": {"uv": [9, 10.25, 9.25, 10.375], "texture": "#0"},
				"up": {"uv": [9.625, 10.5, 9.5, 10.25], "texture": "#0"},
				"down": {"uv": [10.375, 9.5, 10.25, 9.75], "texture": "#0"}
			}
		},
		{
			"from": [8.693, 30.6, 7.12],
			"to": [8.8, 30.98, 7.88],
			"rotation": {"angle": 0, "axis": "z", "origin": [8.893, 31.25, 7.5]},
			"faces": {
				"north": {"uv": [5.5, 10.5, 5.625, 10.625], "texture": "#0"},
				"east": {"uv": [3.5, 10.25, 3.75, 10.375], "texture": "#0"},
				"south": {"uv": [10.5, 6.25, 10.625, 6.375], "texture": "#0"},
				"west": {"uv": [10.25, 3.5, 10.5, 3.625], "texture": "#0"},
				"up": {"uv": [5.125, 10.5, 5, 10.25], "texture": "#0"},
				"down": {"uv": [10.375, 5.75, 10.25, 6], "texture": "#0"}
			}
		},
		{
			"from": [8.25, 28.7, 7.12],
			"to": [9.75, 29.9, 7.88],
			"rotation": {"angle": 0, "axis": "z", "origin": [9.52322, 33.65722, 7.5]},
			"faces": {
				"north": {"uv": [6, 9.25, 6.375, 9.5], "texture": "#0"},
				"east": {"uv": [9.5, 5.25, 9.75, 5.5], "texture": "#0"},
				"south": {"uv": [9.25, 8, 9.625, 8.25], "texture": "#0"},
				"west": {"uv": [5.5, 9.5, 5.75, 9.75], "texture": "#0"},
				"up": {"uv": [9.625, 8.75, 9.25, 8.5], "texture": "#0"},
				"down": {"uv": [9.875, 2.5, 9.5, 2.75], "texture": "#0"}
			}
		},
		{
			"from": [10.0354, 25.91916, 7.11],
			"to": [10.5354, 30.61916, 7.89],
			"rotation": {"angle": 22.5, "axis": "z", "origin": [10.03544, 27.91916, 7.5]},
			"faces": {
				"north": {"uv": [0.5, 8.75, 0.625, 9.875], "texture": "#0"},
				"east": {"uv": [4.5, 7, 4.75, 8.125], "texture": "#0"},
				"south": {"uv": [3.5, 8.75, 3.625, 9.875], "texture": "#0"},
				"west": {"uv": [6.75, 7, 7, 8.125], "texture": "#0"},
				"up": {"uv": [4.125, 10.25, 4, 10], "texture": "#0"},
				"down": {"uv": [10.125, 4.25, 10, 4.5], "texture": "#0"}
			}
		},
		{
			"from": [10.51976, 30.79507, 7.11],
			"to": [10.61976, 31.79507, 7.89],
			"rotation": {"angle": 22.5, "axis": "z", "origin": [10.51979, 27.79507, 7.5]},
			"faces": {
				"north": {"uv": [7, 10, 7.125, 10.25], "texture": "#0"},
				"east": {"uv": [9.5, 7, 9.75, 7.25], "texture": "#0"},
				"south": {"uv": [10, 7, 10.125, 7.25], "texture": "#0"},
				"west": {"uv": [7.25, 9.5, 7.5, 9.75], "texture": "#0"},
				"up": {"uv": [10.125, 8.25, 10, 8], "texture": "#0"},
				"down": {"uv": [10.125, 8.5, 10, 8.75], "texture": "#0"}
			}
		},
		{
			"from": [6.75, 8, 7.06],
			"to": [11.25, 10, 7.94],
			"rotation": {"angle": 0, "axis": "y", "origin": [7, 6, 7]},
			"faces": {
				"north": {"uv": [1, 5.75, 2.125, 6.25], "texture": "#0"},
				"east": {"uv": [9, 5.25, 9.25, 5.75], "texture": "#0"},
				"south": {"uv": [5.75, 2.25, 6.875, 2.75], "texture": "#0"},
				"west": {"uv": [9, 6.75, 9.25, 7.25], "texture": "#0"},
				"up": {"uv": [7.875, 6.75, 6.75, 6.5], "texture": "#0"},
				"down": {"uv": [4.125, 7, 3, 7.25], "texture": "#0"}
			}
		},
		{
			"from": [6, 6, 6.56],
			"to": [12, 8, 8.44],
			"rotation": {"angle": 0, "axis": "y", "origin": [7, 6, 7]},
			"faces": {
				"north": {"uv": [3.5, 4.5, 5, 5], "texture": "#0"},
				"east": {"uv": [2, 7.5, 2.5, 8], "texture": "#0"},
				"south": {"uv": [5, 0, 6.5, 0.5], "texture": "#0"},
				"west": {"uv": [2.75, 7.5, 3.25, 8], "texture": "#0"},
				"up": {"uv": [6.5, 1.25, 5, 0.75], "texture": "#0"},
				"down": {"uv": [6.5, 1.5, 5, 2], "texture": "#0"}
			}
		},
		{
			"from": [8, 0, 6.56],
			"to": [10, 6, 8.44],
			"rotation": {"angle": 0, "axis": "y", "origin": [7, 4, 7]},
			"faces": {
				"north": {"uv": [5, 2.25, 5.5, 3.75], "texture": "#0"},
				"east": {"uv": [3.5, 5.25, 4, 6.75], "texture": "#0"},
				"south": {"uv": [5.25, 4, 5.75, 5.5], "texture": "#0"},
				"west": {"uv": [4.25, 5.25, 4.75, 6.75], "texture": "#0"},
				"up": {"uv": [4, 8, 3.5, 7.5], "texture": "#0"},
				"down": {"uv": [5.5, 7.5, 5, 8], "texture": "#0"}
			}
		},
		{
			"from": [7.5, 0.5, 6.06],
			"to": [10.5, 2.5, 8.94],
			"rotation": {"angle": 0, "axis": "y", "origin": [7, 5, 7]},
			"faces": {
				"north": {"uv": [6.75, 3, 7.5, 3.5], "texture": "#0"},
				"east": {"uv": [5, 6.75, 5.75, 7.25], "texture": "#0"},
				"south": {"uv": [6.75, 5, 7.5, 5.5], "texture": "#0"},
				"west": {"uv": [6.75, 5.75, 7.5, 6.25], "texture": "#0"},
				"up": {"uv": [3.25, 6.5, 2.5, 5.75], "texture": "#0"},
				"down": {"uv": [6.5, 3, 5.75, 3.75], "texture": "#0"}
			}
		},
		{
			"from": [7.25, 1, 5.81],
			"to": [10.75, 2, 9.19],
			"rotation": {"angle": 0, "axis": "y", "origin": [7, 5, 7]},
			"faces": {
				"north": {"uv": [7.75, 7, 8.625, 7.25], "texture": "#0"},
				"east": {"uv": [7.75, 7.5, 8.625, 7.75], "texture": "#0"},
				"south": {"uv": [8, 2.25, 8.875, 2.5], "texture": "#0"},
				"west": {"uv": [8, 3.75, 8.875, 4], "texture": "#0"},
				"up": {"uv": [1.875, 5.375, 1, 4.5], "texture": "#0"},
				"down": {"uv": [3.125, 4.5, 2.25, 5.375], "texture": "#0"}
			}
		},
		{
			"from": [6.75, 6.5, 8.44],
			"to": [11.25, 8, 8.94],
			"rotation": {"angle": 0, "axis": "y", "origin": [7, 6, 8.88]},
			"faces": {
				"north": {"uv": [6.75, 0, 7.875, 0.375], "texture": "#0"},
				"east": {"uv": [8.75, 9.5, 8.875, 9.875], "texture": "#0"},
				"south": {"uv": [6.75, 0.75, 7.875, 1.125], "texture": "#0"},
				"west": {"uv": [9.5, 9, 9.625, 9.375], "texture": "#0"},
				"up": {"uv": [9.875, 0.625, 8.75, 0.5], "texture": "#0"},
				"down": {"uv": [9.875, 1, 8.75, 1.125], "texture": "#0"}
			}
		},
		{
			"from": [7.5, 7, 8.94],
			"to": [10.5, 8, 9.32],
			"rotation": {"angle": 0, "axis": "y", "origin": [7, 6, 9.38]},
			"faces": {
				"north": {"uv": [2, 8.25, 2.75, 8.5], "texture": "#0"},
				"east": {"uv": [6, 9.75, 6.125, 10], "texture": "#0"},
				"south": {"uv": [3, 8.25, 3.75, 8.5], "texture": "#0"},
				"west": {"uv": [9.75, 7.5, 9.875, 7.75], "texture": "#0"},
				"up": {"uv": [2.75, 9.375, 2, 9.25], "texture": "#0"},
				"down": {"uv": [10, 2, 9.25, 2.125], "texture": "#0"}
			}
		},
		{
			"from": [6.75, 6.5, 6.06],
			"to": [11.25, 8, 6.56],
			"rotation": {"angle": 0, "axis": "y", "origin": [6.75, 6, 6.5]},
			"faces": {
				"north": {"uv": [1.5, 6.75, 2.625, 7.125], "texture": "#0"},
				"east": {"uv": [2, 9.75, 2.125, 10.125], "texture": "#0"},
				"south": {"uv": [6.75, 1.5, 7.875, 1.875], "texture": "#0"},
				"west": {"uv": [2.5, 9.75, 2.625, 10.125], "texture": "#0"},
				"up": {"uv": [9.875, 1.625, 8.75, 1.5], "texture": "#0"},
				"down": {"uv": [3.125, 8.75, 2, 8.875], "texture": "#0"}
			}
		},
		{
			"from": [7.5, 7, 5.68],
			"to": [10.5, 8, 6.06],
			"rotation": {"angle": 0, "axis": "y", "origin": [6.75, 6, 6.12]},
			"faces": {
				"north": {"uv": [8.25, 6.25, 9, 6.5], "texture": "#0"},
				"east": {"uv": [7.75, 9.75, 7.875, 10], "texture": "#0"},
				"south": {"uv": [8.25, 8, 9, 8.25], "texture": "#0"},
				"west": {"uv": [8.25, 9.75, 8.375, 10], "texture": "#0"},
				"up": {"uv": [10, 3.875, 9.25, 3.75], "texture": "#0"},
				"down": {"uv": [10, 6, 9.25, 6.125], "texture": "#0"}
			}
		}
	],
	"display": {
		"thirdperson_righthand": {
			"rotation": [0, -90, 0],
			"translation": [0, 2, 1],
			"scale": [0.7, 0.8, 0.6]
		},
		"thirdperson_lefthand": {
			"rotation": [0, 90, 0],
			"translation": [1, 2, 1],
			"scale": [0.7, 0.8, 0.6]
		},
		"firstperson_righthand": {
			"rotation": [12, -60, 0],
			"translation": [0, -0.5, 0],
			"scale": [0.56, 0.64, 0.48]
		},
		"firstperson_lefthand": {
			"rotation": [12, 120, 0],
			"translation": [0, -0.5, 0],
			"scale": [0.56, 0.64, 0.48]
		},
		"ground": {
			"rotation": [90, 0, 0],
			"translation": [0, 0, -5.5],
			"scale": [0.7, 0.8, 0.6]
		},
		"gui": {
			"rotation": [0, 0, -45],
			"translation": [-3.5, -2.75, 0],
			"scale": [0.56, 0.64, 1]
		},
		"head": {
			"rotation": [0, 0, 90],
			"translation": [7.5, 2.5, 0],
			"scale": [0.7, 0.8, 0.6]
		},
		"fixed": {
			"translation": [0, -4.75, 0],
			"scale": [0.56, 0.6, 0.05]
		}
	},
	"groups": [
		{
			"name": "Blade",
			"origin": [7, -1, 7],
			"color": 0,
			"children": [0, 1, 2, 3, 4, 5, 6, 7, 8, 9, 10, 11, 12, 13, 14, 15, 16, 17, 18, 19, 20, 21]
		},
		{
			"name": "Hilt",
			"origin": [8, 8, 8],
			"color": 0,
			"children": [22, 23, 24, 25, 26, 27, 28, 29]
		}
	]
}