{
	"credit": "Made with Blockbench",
	"texture_size": [64, 64],
	"textures": {
		"0": "dominiaarmor:item/pickelhaube",
		"particle": "dominiaarmor:item/pickelhaube"
	},
	"elements": [
		{
			"from": [3, 4, 4],
			"to": [4, 8, 12],
			"faces": {
				"north": {"uv": [7.5, 8, 7.75, 9], "texture": "#0"},
				"east": {"uv": [3.5, 2.5, 5.5, 3.5], "texture": "#0"},
				"south": {"uv": [8, 8, 8.25, 9], "texture": "#0"},
				"west": {"uv": [3.5, 3.75, 5.5, 4.75], "texture": "#0"},
				"up": {"uv": [7, 6.75, 6.75, 4.75], "texture": "#0"},
				"down": {"uv": [0.25, 7, 0, 9], "texture": "#0"}
			}
		},
		{
			"from": [4, 7, 0],
			"to": [12, 10, 1],
			"rotation": {"angle": 22.5, "axis": "x", "origin": [0, 0, 0]},
			"faces": {
				"north": {"uv": [5.75, 3.75, 7.75, 4.5], "texture": "#0"},
				"east": {"uv": [9.25, 0, 9.5, 0.75], "texture": "#0"},
				"south": {"uv": [0, 6, 2, 6.75], "texture": "#0"},
				"west": {"uv": [0.75, 9.25, 1, 10], "texture": "#0"},
				"up": {"uv": [8.75, 2.25, 6.75, 2], "texture": "#0"},
				"down": {"uv": [8.75, 7, 6.75, 7.25], "texture": "#0"}
			}
		},
		{
			"from": [4, 8, 4],
			"to": [12, 9, 13],
			"faces": {
				"north": {"uv": [7.25, 4.75, 9.25, 5], "texture": "#0"},
				"east": {"uv": [6.75, 0, 9, 0.25], "texture": "#0"},
				"south": {"uv": [7.25, 5.25, 9.25, 5.5], "texture": "#0"},
				"west": {"uv": [6.75, 0.5, 9, 0.75], "texture": "#0"},
				"up": {"uv": [2, 2.25, 0, 0], "texture": "#0"},
				"down": {"uv": [4.25, 0, 2.25, 2.25], "texture": "#0"}
			}
		},
		{
			"from": [5, 9, 4],
			"to": [11, 10, 12],
			"faces": {
				"north": {"uv": [3.75, 7.75, 5.25, 8], "texture": "#0"},
				"east": {"uv": [7.25, 5.75, 9.25, 6], "texture": "#0"},
				"south": {"uv": [8, 2.5, 9.5, 2.75], "texture": "#0"},
				"west": {"uv": [7.25, 6.25, 9.25, 6.5], "texture": "#0"},
				"up": {"uv": [1.5, 4.5, 0, 2.5], "texture": "#0"},
				"down": {"uv": [3.25, 2.5, 1.75, 4.5], "texture": "#0"}
			}
		},
		{
			"from": [7, 10, 7],
			"to": [9, 11, 9],
			"faces": {
				"north": {"uv": [9.75, 0.75, 10.25, 1], "texture": "#0"},
				"east": {"uv": [9.75, 1.25, 10.25, 1.5], "texture": "#0"},
				"south": {"uv": [9.75, 1.75, 10.25, 2], "texture": "#0"},
				"west": {"uv": [9.75, 2.25, 10.25, 2.5], "texture": "#0"},
				"up": {"uv": [5, 8.75, 4.5, 8.25], "texture": "#0"},
				"down": {"uv": [9, 7.5, 8.5, 8], "texture": "#0"}
			}
		},
		{
			"from": [7, 13, 9],
			"to": [9, 15, 10],
			"rotation": {"angle": -22.5, "axis": "x", "origin": [9, 11, 9]},
			"faces": {
				"north": {"uv": [4.5, 9, 5, 9.5], "texture": "#0"},
				"east": {"uv": [9, 10, 9.25, 10.5], "texture": "#0"},
				"south": {"uv": [9, 6.75, 9.5, 7.25], "texture": "#0"},
				"west": {"uv": [9.5, 10, 9.75, 10.5], "texture": "#0"},
				"up": {"uv": [10.5, 10.25, 10, 10], "texture": "#0"},
				"down": {"uv": [10.75, 0, 10.25, 0.25], "texture": "#0"}
			}
		},
		{
			"from": [7, 13.00416, 9.97908],
			"to": [9, 15.00416, 10.97908],
			"rotation": {"angle": 22.5, "axis": "x", "origin": [9, 21.00416, 8.97908]},
			"faces": {
				"north": {"uv": [8.5, 9, 9, 9.5], "texture": "#0"},
				"east": {"uv": [0.5, 10.25, 0.75, 10.75], "texture": "#0"},
				"south": {"uv": [0, 9.25, 0.5, 9.75], "texture": "#0"},
				"west": {"uv": [2.25, 10.25, 2.5, 10.75], "texture": "#0"},
				"up": {"uv": [3.25, 10.5, 2.75, 10.25], "texture": "#0"},
				"down": {"uv": [10.75, 2.75, 10.25, 3], "texture": "#0"}
			}
		},
		{
			"from": [9, 10, 7],
			"to": [10, 12, 9],
			"rotation": {"angle": -22.5, "axis": "z", "origin": [11, 18, 9]},
			"faces": {
				"north": {"uv": [9.75, 2.75, 10, 3.25], "texture": "#0"},
				"east": {"uv": [8.5, 8.25, 9, 8.75], "texture": "#0"},
				"south": {"uv": [9.75, 3.5, 10, 4], "texture": "#0"},
				"west": {"uv": [5.25, 8.75, 5.75, 9.25], "texture": "#0"},
				"up": {"uv": [4.5, 10.25, 4.25, 9.75], "texture": "#0"},
				"down": {"uv": [5, 9.75, 4.75, 10.25], "texture": "#0"}
			}
		},
		{
			"from": [7, 11, 6],
			"to": [9, 13, 7],
			"rotation": {"angle": 22.5, "axis": "x", "origin": [9, 11, 7]},
			"faces": {
				"north": {"uv": [6, 8.75, 6.5, 9.25], "texture": "#0"},
				"east": {"uv": [9.75, 6.75, 10, 7.25], "texture": "#0"},
				"south": {"uv": [6.75, 8.75, 7.25, 9.25], "texture": "#0"},
				"west": {"uv": [7.25, 9.75, 7.5, 10.25], "texture": "#0"},
				"up": {"uv": [8.25, 10, 7.75, 9.75], "texture": "#0"},
				"down": {"uv": [10.25, 8, 9.75, 8.25], "texture": "#0"}
			}
		},
		{
			"from": [9, 11, 7],
			"to": [10, 13, 9],
			"rotation": {"angle": 22.5, "axis": "z", "origin": [9, 11, 7]},
			"faces": {
				"north": {"uv": [8.5, 9.75, 8.75, 10.25], "texture": "#0"},
				"east": {"uv": [9, 1, 9.5, 1.5], "texture": "#0"},
				"south": {"uv": [9.75, 8.5, 10, 9], "texture": "#0"},
				"west": {"uv": [9, 1.75, 9.5, 2.25], "texture": "#0"},
				"up": {"uv": [10, 9.75, 9.75, 9.25], "texture": "#0"},
				"down": {"uv": [0.25, 10, 0, 10.5], "texture": "#0"}
			}
		},
		{
			"from": [7, 11, 9],
			"to": [9, 13, 10],
			"rotation": {"angle": -22.5, "axis": "x", "origin": [9, 11, 9]},
			"faces": {
				"north": {"uv": [9, 3, 9.5, 3.5], "texture": "#0"},
				"east": {"uv": [10, 4.25, 10.25, 4.75], "texture": "#0"},
				"south": {"uv": [9, 3.75, 9.5, 4.25], "texture": "#0"},
				"west": {"uv": [10, 5, 10.25, 5.5], "texture": "#0"},
				"up": {"uv": [10.5, 6, 10, 5.75], "texture": "#0"},
				"down": {"uv": [10.5, 6.25, 10, 6.5], "texture": "#0"}
			}
		},
		{
			"from": [4, 4, 3],
			"to": [12, 5, 6],
			"rotation": {"angle": -22.5, "axis": "x", "origin": [0, 0, 0]},
			"faces": {
				"north": {"uv": [1.5, 7.25, 3.5, 7.5], "texture": "#0"},
				"east": {"uv": [7.5, 9.25, 8.25, 9.5], "texture": "#0"},
				"south": {"uv": [3.75, 7.25, 5.75, 7.5], "texture": "#0"},
				"west": {"uv": [9.25, 7.5, 10, 7.75], "texture": "#0"},
				"up": {"uv": [4.25, 7, 2.25, 6.25], "texture": "#0"},
				"down": {"uv": [6.5, 6.25, 4.5, 7], "texture": "#0"}
			}
		},
		{
			"from": [4, 4, 12],
			"to": [12, 8, 13],
			"faces": {
				"north": {"uv": [4.5, 0, 6.5, 1], "texture": "#0"},
				"east": {"uv": [1.5, 8.25, 1.75, 9.25], "texture": "#0"},
				"south": {"uv": [4.5, 1.25, 6.5, 2.25], "texture": "#0"},
				"west": {"uv": [2, 8.25, 2.25, 9.25], "texture": "#0"},
				"up": {"uv": [8.75, 1.25, 6.75, 1], "texture": "#0"},
				"down": {"uv": [8.75, 1.5, 6.75, 1.75], "texture": "#0"}
			}
		},
		{
			"from": [4, 0, 14],
			"to": [12, 4, 15],
			"rotation": {"angle": -22.5, "axis": "x", "origin": [9, 0, 11]},
			"faces": {
				"north": {"uv": [4.5, 5, 6.5, 6], "texture": "#0"},
				"east": {"uv": [3.5, 8.25, 3.75, 9.25], "texture": "#0"},
				"south": {"uv": [5.75, 2.5, 7.75, 3.5], "texture": "#0"},
				"west": {"uv": [4, 8.25, 4.25, 9.25], "texture": "#0"},
				"up": {"uv": [8, 7.75, 6, 7.5], "texture": "#0"},
				"down": {"uv": [3.5, 7.75, 1.5, 8], "texture": "#0"}
			}
		},
		{
			"from": [12, 4, 4],
			"to": [13, 8, 12],
			"faces": {
				"north": {"uv": [2.5, 8.25, 2.75, 9.25], "texture": "#0"},
				"east": {"uv": [0, 4.75, 2, 5.75], "texture": "#0"},
				"south": {"uv": [3, 8.25, 3.25, 9.25], "texture": "#0"},
				"west": {"uv": [2.25, 5, 4.25, 6], "texture": "#0"},
				"up": {"uv": [0.75, 9, 0.5, 7], "texture": "#0"},
				"down": {"uv": [1.25, 7, 1, 9], "texture": "#0"}
			}
		},
		{
			"from": [12, 2, 9],
			"to": [13, 4, 12],
			"faces": {
				"north": {"uv": [9.5, 6, 9.75, 6.5], "texture": "#0"},
				"east": {"uv": [8, 3, 8.75, 3.5], "texture": "#0"},
				"south": {"uv": [6.25, 9.5, 6.5, 10], "texture": "#0"},
				"west": {"uv": [8, 3.75, 8.75, 4.25], "texture": "#0"},
				"up": {"uv": [9.5, 8.75, 9.25, 8], "texture": "#0"},
				"down": {"uv": [9.5, 9, 9.25, 9.75], "texture": "#0"}
			}
		},
		{
			"from": [3, 2, 9],
			"to": [4, 4, 12],
			"rotation": {"angle": 0, "axis": "y", "origin": [9, 2, 13]},
			"faces": {
				"north": {"uv": [6.75, 9.5, 7, 10], "texture": "#0"},
				"east": {"uv": [5.5, 8, 6.25, 8.5], "texture": "#0"},
				"south": {"uv": [9.75, 0, 10, 0.5], "texture": "#0"},
				"west": {"uv": [6.5, 8, 7.25, 8.5], "texture": "#0"},
				"up": {"uv": [1.5, 10.25, 1.25, 9.5], "texture": "#0"},
				"down": {"uv": [2, 9.5, 1.75, 10.25], "texture": "#0"}
			}
		},
		{
			"from": [12, 5, 3],
			"to": [13, 7, 4],
			"faces": {
				"north": {"uv": [2.25, 9.5, 2.5, 10], "texture": "#0"},
				"east": {"uv": [2.75, 9.5, 3, 10], "texture": "#0"},
				"south": {"uv": [3.25, 9.5, 3.5, 10], "texture": "#0"},
				"west": {"uv": [3.75, 9.5, 4, 10], "texture": "#0"},
				"up": {"uv": [10.5, 3.5, 10.25, 3.25], "texture": "#0"},
				"down": {"uv": [3.75, 10.25, 3.5, 10.5], "texture": "#0"}
			}
		},
		{
			"from": [3, 5, 3],
			"to": [4, 7, 4],
			"faces": {
				"north": {"uv": [9.5, 4.5, 9.75, 5], "texture": "#0"},
				"east": {"uv": [5.25, 9.5, 5.5, 10], "texture": "#0"},
				"south": {"uv": [9.5, 5.25, 9.75, 5.75], "texture": "#0"},
				"west": {"uv": [5.75, 9.5, 6, 10], "texture": "#0"},
				"up": {"uv": [10.5, 4, 10.25, 3.75], "texture": "#0"},
				"down": {"uv": [5.5, 10.25, 5.25, 10.5], "texture": "#0"}
			}
		}
	],
	"display": {
		"thirdperson_righthand": {
			"translation": [0, 3, 1],
			"scale": [0.55, 0.55, 0.55]
		},
		"thirdperson_lefthand": {
			"translation": [0, 3, 1],
			"scale": [0.55, 0.55, 0.55]
		},
		"firstperson_righthand": {
			"rotation": [0, -90, 25],
			"translation": [1.13, 3.2, 1.13],
			"scale": [0.68, 0.68, 0.68]
		},
		"firstperson_lefthand": {
			"rotation": [0, -90, 25],
			"translation": [1.13, 3.2, 1.13],
			"scale": [0.68, 0.68, 0.68]
		},
		"ground": {
			"translation": [0, 2, 0],
			"scale": [0.8, 0.8, 0.8]
		},
		"gui": {
			"rotation": [0, 180, 0]
		},
		"head": {
			"translation": [0, 6.4, 0],
			"scale": [1.6, 1.6, 1.6]
		},
		"fixed": {
			"scale": [1, 1, 0.1]
		}
	}
}