{
	"credit": "Made with Blockbench",
	"texture_size": [64, 64],
	"textures": {
		"0": "dominiaarmor:item/weepingpumpkin",
		"particle": "dominiaarmor:item/weepingpumpkin"
	},
	"elements": [
		{
			"from": [1, 1, 1],
			"to": [15, 15, 2],
			"faces": {
				"north": {"uv": [8, 3.5, 11.5, 7], "texture": "#0"},
				"east": {"uv": [11.75, 0, 12, 3.5], "texture": "#0"},
				"south": {"uv": [0, 11, 3.5, 14.5], "texture": "#0"},
				"west": {"uv": [12, 0, 12.25, 3.5], "texture": "#0"},
				"up": {"uv": [15, 6, 11.5, 5.75], "texture": "#0"},
				"down": {"uv": [15, 6, 11.5, 6.25], "texture": "#0"}
			}
		},
		{
			"from": [6, 9, 0],
			"to": [10, 14, 1],
			"faces": {
				"north": {"uv": [10.5, 11, 11.5, 12.25], "texture": "#0"},
				"east": {"uv": [12.5, 12.75, 12.75, 14], "texture": "#0"},
				"south": {"uv": [11.25, 7, 12.25, 8.25], "texture": "#0"},
				"west": {"uv": [12.75, 12.75, 13, 14], "texture": "#0"},
				"up": {"uv": [11.25, 7.25, 10.25, 7], "texture": "#0"},
				"down": {"uv": [11.25, 7.25, 10.25, 7.5], "texture": "#0"}
			}
		},
		{
			"from": [2.5, 1, 0],
			"to": [12.4, 2, 1],
			"faces": {
				"north": {"uv": [11.5, 6.25, 14, 6.5], "texture": "#0"},
				"east": {"uv": [14.75, 13.5, 15, 13.75], "texture": "#0"},
				"south": {"uv": [11.5, 6.5, 14, 6.75], "texture": "#0"},
				"west": {"uv": [14.25, 14.75, 14.5, 15], "texture": "#0"},
				"up": {"uv": [14, 7, 11.5, 6.75], "texture": "#0"},
				"down": {"uv": [14.75, 7, 12.25, 7.25], "texture": "#0"}
			}
		},
		{
			"from": [0, 0, 1],
			"to": [16, 1, 16],
			"faces": {
				"north": {"uv": [11.25, 8.75, 15.25, 9], "texture": "#0"},
				"east": {"uv": [11.5, 4.25, 15.25, 4.5], "texture": "#0"},
				"south": {"uv": [11.25, 9, 15.25, 9.25], "texture": "#0"},
				"west": {"uv": [11.5, 4.5, 15.25, 4.75], "texture": "#0"},
				"up": {"uv": [4, 3.75, 0, 0], "texture": "#0"},
				"down": {"uv": [4, 3.75, 0, 7.5], "texture": "#0"}
			}
		},
		{
			"from": [3, 0, 0],
			"to": [12, 1, 2],
			"faces": {
				"north": {"uv": [12.25, 7.25, 14.5, 7.5], "texture": "#0"},
				"east": {"uv": [2, 14.75, 2.5, 15], "texture": "#0"},
				"south": {"uv": [12.25, 7.5, 14.5, 7.75], "texture": "#0"},
				"west": {"uv": [2.5, 14.75, 3, 15], "texture": "#0"},
				"up": {"uv": [10.25, 7.5, 8, 7], "texture": "#0"},
				"down": {"uv": [13.5, 8.25, 11.25, 8.75], "texture": "#0"}
			}
		},
		{
			"from": [1.7, 2, 0],
			"to": [4, 3, 1],
			"faces": {
				"north": {"uv": [3, 14.75, 3.5, 15], "texture": "#0"},
				"east": {"uv": [14.5, 14.75, 14.75, 15], "texture": "#0"},
				"south": {"uv": [3.5, 14.75, 4, 15], "texture": "#0"},
				"west": {"uv": [14.75, 14.75, 15, 15], "texture": "#0"},
				"up": {"uv": [5, 15, 4.5, 14.75], "texture": "#0"},
				"down": {"uv": [5.5, 14.75, 5, 15], "texture": "#0"}
			}
		},
		{
			"from": [1.5, 3, 0],
			"to": [4, 4, 1],
			"faces": {
				"north": {"uv": [4.5, 14.5, 5.25, 14.75], "texture": "#0"},
				"east": {"uv": [0, 15, 0.25, 15.25], "texture": "#0"},
				"south": {"uv": [5.25, 14.5, 6, 14.75], "texture": "#0"},
				"west": {"uv": [0.25, 15, 0.5, 15.25], "texture": "#0"},
				"up": {"uv": [6.75, 14.75, 6, 14.5], "texture": "#0"},
				"down": {"uv": [7.5, 14.5, 6.75, 14.75], "texture": "#0"}
			}
		},
		{
			"from": [1.1, 4, 0],
			"to": [4, 5, 1],
			"faces": {
				"north": {"uv": [14.5, 7.25, 15.25, 7.5], "texture": "#0"},
				"east": {"uv": [0.5, 15, 0.75, 15.25], "texture": "#0"},
				"south": {"uv": [7.5, 14.5, 8.25, 14.75], "texture": "#0"},
				"west": {"uv": [0.75, 15, 1, 15.25], "texture": "#0"},
				"up": {"uv": [15.25, 7.75, 14.5, 7.5], "texture": "#0"},
				"down": {"uv": [9, 14.5, 8.25, 14.75], "texture": "#0"}
			}
		},
		{
			"from": [0.6, 5, 0],
			"to": [5, 6, 1],
			"faces": {
				"north": {"uv": [14.25, 2.5, 15.25, 2.75], "texture": "#0"},
				"east": {"uv": [1, 15, 1.25, 15.25], "texture": "#0"},
				"south": {"uv": [14.25, 12.25, 15.25, 12.5], "texture": "#0"},
				"west": {"uv": [1.25, 15, 1.5, 15.25], "texture": "#0"},
				"up": {"uv": [13.5, 14.5, 12.5, 14.25], "texture": "#0"},
				"down": {"uv": [15.25, 12.5, 14.25, 12.75], "texture": "#0"}
			}
		},
		{
			"from": [0, 6, 0],
			"to": [7, 7, 1],
			"faces": {
				"north": {"uv": [12.25, 7.75, 14, 8], "texture": "#0"},
				"east": {"uv": [2, 15, 2.25, 15.25], "texture": "#0"},
				"south": {"uv": [12.25, 8, 14, 8.25], "texture": "#0"},
				"west": {"uv": [2.25, 15, 2.5, 15.25], "texture": "#0"},
				"up": {"uv": [14.25, 11.25, 12.5, 11], "texture": "#0"},
				"down": {"uv": [14.25, 11.25, 12.5, 11.5], "texture": "#0"}
			}
		},
		{
			"from": [0, 7, 0],
			"to": [7, 8, 1],
			"faces": {
				"north": {"uv": [12.5, 11.5, 14.25, 11.75], "texture": "#0"},
				"east": {"uv": [2.5, 15, 2.75, 15.25], "texture": "#0"},
				"south": {"uv": [12.5, 11.75, 14.25, 12], "texture": "#0"},
				"west": {"uv": [2.75, 15, 3, 15.25], "texture": "#0"},
				"up": {"uv": [14.25, 12.25, 12.5, 12], "texture": "#0"},
				"down": {"uv": [14.25, 12.25, 12.5, 12.5], "texture": "#0"}
			}
		},
		{
			"from": [0, 8, 0],
			"to": [2, 10, 1],
			"faces": {
				"north": {"uv": [14.25, 12.75, 14.75, 13.25], "texture": "#0"},
				"east": {"uv": [5.5, 14.75, 5.75, 15.25], "texture": "#0"},
				"south": {"uv": [14.25, 13.25, 14.75, 13.75], "texture": "#0"},
				"west": {"uv": [5.75, 14.75, 6, 15.25], "texture": "#0"},
				"up": {"uv": [6.5, 15, 6, 14.75], "texture": "#0"},
				"down": {"uv": [7, 14.75, 6.5, 15], "texture": "#0"}
			}
		},
		{
			"from": [9, 2, 0],
			"to": [13.6, 3, 1],
			"faces": {
				"north": {"uv": [12.75, 2.75, 14, 3], "texture": "#0"},
				"east": {"uv": [3, 15, 3.25, 15.25], "texture": "#0"},
				"south": {"uv": [12.75, 3, 14, 3.25], "texture": "#0"},
				"west": {"uv": [3.25, 15, 3.5, 15.25], "texture": "#0"},
				"up": {"uv": [14, 3.5, 12.75, 3.25], "texture": "#0"},
				"down": {"uv": [14.25, 12.75, 13, 13], "texture": "#0"}
			}
		},
		{
			"from": [8.7, 3, 0],
			"to": [13.7, 4, 1],
			"faces": {
				"north": {"uv": [13, 13, 14.25, 13.25], "texture": "#0"},
				"east": {"uv": [3.5, 15, 3.75, 15.25], "texture": "#0"},
				"south": {"uv": [13, 13.25, 14.25, 13.5], "texture": "#0"},
				"west": {"uv": [3.75, 15, 4, 15.25], "texture": "#0"},
				"up": {"uv": [14.75, 8.5, 13.5, 8.25], "texture": "#0"},
				"down": {"uv": [14.75, 8.5, 13.5, 8.75], "texture": "#0"}
			}
		},
		{
			"from": [10, 4, 0],
			"to": [14.5, 5, 1],
			"faces": {
				"north": {"uv": [13, 13.5, 14.25, 13.75], "texture": "#0"},
				"east": {"uv": [4.5, 15, 4.75, 15.25], "texture": "#0"},
				"south": {"uv": [13, 13.75, 14.25, 14], "texture": "#0"},
				"west": {"uv": [4.75, 15, 5, 15.25], "texture": "#0"},
				"up": {"uv": [15.25, 3, 14, 2.75], "texture": "#0"},
				"down": {"uv": [15.25, 3, 14, 3.25], "texture": "#0"}
			}
		},
		{
			"from": [10, 5, 0],
			"to": [15.2, 6, 1],
			"faces": {
				"north": {"uv": [14, 3.25, 15.25, 3.5], "texture": "#0"},
				"east": {"uv": [5, 15, 5.25, 15.25], "texture": "#0"},
				"south": {"uv": [14, 6.25, 15.25, 6.5], "texture": "#0"},
				"west": {"uv": [5.25, 15, 5.5, 15.25], "texture": "#0"},
				"up": {"uv": [15.25, 6.75, 14, 6.5], "texture": "#0"},
				"down": {"uv": [15.25, 6.75, 14, 7], "texture": "#0"}
			}
		},
		{
			"from": [10, 6, 0],
			"to": [16, 7, 1],
			"faces": {
				"north": {"uv": [12.75, 0.75, 14.25, 1], "texture": "#0"},
				"east": {"uv": [15, 5.75, 15.25, 6], "texture": "#0"},
				"south": {"uv": [12.75, 1, 14.25, 1.25], "texture": "#0"},
				"west": {"uv": [6, 15, 6.25, 15.25], "texture": "#0"},
				"up": {"uv": [14.25, 1.5, 12.75, 1.25], "texture": "#0"},
				"down": {"uv": [14.25, 1.5, 12.75, 1.75], "texture": "#0"}
			}
		},
		{
			"from": [9, 7, 0],
			"to": [16, 8, 1],
			"faces": {
				"north": {"uv": [12.5, 12.5, 14.25, 12.75], "texture": "#0"},
				"east": {"uv": [15, 6, 15.25, 6.25], "texture": "#0"},
				"south": {"uv": [12.75, 0, 14.5, 0.25], "texture": "#0"},
				"west": {"uv": [6.25, 15, 6.5, 15.25], "texture": "#0"},
				"up": {"uv": [14.5, 0.5, 12.75, 0.25], "texture": "#0"},
				"down": {"uv": [14.5, 0.5, 12.75, 0.75], "texture": "#0"}
			}
		},
		{
			"from": [9, 8, 0],
			"to": [11, 9, 1],
			"faces": {
				"north": {"uv": [7, 14.75, 7.5, 15], "texture": "#0"},
				"east": {"uv": [6.5, 15, 6.75, 15.25], "texture": "#0"},
				"south": {"uv": [14.75, 7, 15.25, 7.25], "texture": "#0"},
				"west": {"uv": [6.75, 15, 7, 15.25], "texture": "#0"},
				"up": {"uv": [8, 15, 7.5, 14.75], "texture": "#0"},
				"down": {"uv": [8.5, 14.75, 8, 15], "texture": "#0"}
			}
		},
		{
			"from": [5, 8, 0],
			"to": [6, 10, 1],
			"faces": {
				"north": {"uv": [14.75, 8.25, 15, 8.75], "texture": "#0"},
				"east": {"uv": [8.5, 14.75, 8.75, 15.25], "texture": "#0"},
				"south": {"uv": [8.75, 14.75, 9, 15.25], "texture": "#0"},
				"west": {"uv": [9, 14.75, 9.25, 15.25], "texture": "#0"},
				"up": {"uv": [7.25, 15.25, 7, 15], "texture": "#0"},
				"down": {"uv": [7.5, 15, 7.25, 15.25], "texture": "#0"}
			}
		},
		{
			"from": [14, 8, 0],
			"to": [16, 9, 1],
			"faces": {
				"north": {"uv": [9.25, 14.75, 9.75, 15], "texture": "#0"},
				"east": {"uv": [7.5, 15, 7.75, 15.25], "texture": "#0"},
				"south": {"uv": [9.75, 14.75, 10.25, 15], "texture": "#0"},
				"west": {"uv": [7.75, 15, 8, 15.25], "texture": "#0"},
				"up": {"uv": [12, 15, 11.5, 14.75], "texture": "#0"},
				"down": {"uv": [12.5, 14.75, 12, 15], "texture": "#0"}
			}
		},
		{
			"from": [14, 9, 0],
			"to": [16, 10, 1],
			"faces": {
				"north": {"uv": [12.5, 14.75, 13, 15], "texture": "#0"},
				"east": {"uv": [8, 15, 8.25, 15.25], "texture": "#0"},
				"south": {"uv": [14.75, 12.75, 15.25, 13], "texture": "#0"},
				"west": {"uv": [8.25, 15, 8.5, 15.25], "texture": "#0"},
				"up": {"uv": [13.5, 15, 13, 14.75], "texture": "#0"},
				"down": {"uv": [15.25, 13, 14.75, 13.25], "texture": "#0"}
			}
		},
		{
			"from": [13, 10, 0],
			"to": [16, 11, 1],
			"faces": {
				"north": {"uv": [9, 14.5, 9.75, 14.75], "texture": "#0"},
				"east": {"uv": [15, 8.25, 15.25, 8.5], "texture": "#0"},
				"south": {"uv": [9.75, 14.5, 10.5, 14.75], "texture": "#0"},
				"west": {"uv": [15, 8.5, 15.25, 8.75], "texture": "#0"},
				"up": {"uv": [15.25, 11.25, 14.5, 11], "texture": "#0"},
				"down": {"uv": [15.25, 11.25, 14.5, 11.5], "texture": "#0"}
			}
		},
		{
			"from": [13, 11, 0],
			"to": [16, 12, 1],
			"faces": {
				"north": {"uv": [14.5, 11.5, 15.25, 11.75], "texture": "#0"},
				"east": {"uv": [9.25, 15, 9.5, 15.25], "texture": "#0"},
				"south": {"uv": [14.5, 11.75, 15.25, 12], "texture": "#0"},
				"west": {"uv": [9.5, 15, 9.75, 15.25], "texture": "#0"},
				"up": {"uv": [12.75, 14.75, 12, 14.5], "texture": "#0"},
				"down": {"uv": [15.25, 12, 14.5, 12.25], "texture": "#0"}
			}
		},
		{
			"from": [12, 12, 0],
			"to": [16, 13, 1],
			"faces": {
				"north": {"uv": [13.5, 14.25, 14.5, 14.5], "texture": "#0"},
				"east": {"uv": [9.75, 15, 10, 15.25], "texture": "#0"},
				"south": {"uv": [14.25, 13.75, 15.25, 14], "texture": "#0"},
				"west": {"uv": [10, 15, 10.25, 15.25], "texture": "#0"},
				"up": {"uv": [1, 14.75, 0, 14.5], "texture": "#0"},
				"down": {"uv": [15.5, 0, 14.5, 0.25], "texture": "#0"}
			}
		},
		{
			"from": [11, 13, 0],
			"to": [16, 14, 1],
			"faces": {
				"north": {"uv": [14, 7.75, 15.25, 8], "texture": "#0"},
				"east": {"uv": [11.5, 15, 11.75, 15.25], "texture": "#0"},
				"south": {"uv": [14, 8, 15.25, 8.25], "texture": "#0"},
				"west": {"uv": [11.75, 15, 12, 15.25], "texture": "#0"},
				"up": {"uv": [13.75, 14.25, 12.5, 14], "texture": "#0"},
				"down": {"uv": [15, 14, 13.75, 14.25], "texture": "#0"}
			}
		},
		{
			"from": [0, 14, 0],
			"to": [16, 15, 1],
			"faces": {
				"north": {"uv": [11.25, 9.25, 15.25, 9.5], "texture": "#0"},
				"east": {"uv": [12, 15, 12.25, 15.25], "texture": "#0"},
				"south": {"uv": [11.25, 9.5, 15.25, 9.75], "texture": "#0"},
				"west": {"uv": [12.25, 15, 12.5, 15.25], "texture": "#0"},
				"up": {"uv": [15.25, 10, 11.25, 9.75], "texture": "#0"},
				"down": {"uv": [15.25, 10, 11.25, 10.25], "texture": "#0"}
			}
		},
		{
			"from": [0, 15, 1],
			"to": [16, 16, 16],
			"faces": {
				"north": {"uv": [11.25, 10.25, 15.25, 10.5], "texture": "#0"},
				"east": {"uv": [11.5, 4.75, 15.25, 5], "texture": "#0"},
				"south": {"uv": [11.25, 10.5, 15.25, 10.75], "texture": "#0"},
				"west": {"uv": [11.5, 5, 15.25, 5.25], "texture": "#0"},
				"up": {"uv": [8, 3.75, 4, 0], "texture": "#0"},
				"down": {"uv": [8, 3.75, 4, 7.5], "texture": "#0"}
			}
		},
		{
			"from": [0, 13, 0],
			"to": [6, 14, 1],
			"faces": {
				"north": {"uv": [12.75, 1.75, 14.25, 2], "texture": "#0"},
				"east": {"uv": [12.5, 15, 12.75, 15.25], "texture": "#0"},
				"south": {"uv": [12.75, 2, 14.25, 2.25], "texture": "#0"},
				"west": {"uv": [12.75, 15, 13, 15.25], "texture": "#0"},
				"up": {"uv": [14.25, 2.5, 12.75, 2.25], "texture": "#0"},
				"down": {"uv": [14.25, 2.5, 12.75, 2.75], "texture": "#0"}
			}
		},
		{
			"from": [0, 12, 0],
			"to": [4, 13, 1],
			"faces": {
				"north": {"uv": [14.5, 0.25, 15.5, 0.5], "texture": "#0"},
				"east": {"uv": [13, 15, 13.25, 15.25], "texture": "#0"},
				"south": {"uv": [14.5, 0.5, 15.5, 0.75], "texture": "#0"},
				"west": {"uv": [13.25, 15, 13.5, 15.25], "texture": "#0"},
				"up": {"uv": [2, 14.75, 1, 14.5], "texture": "#0"},
				"down": {"uv": [15.5, 1.25, 14.5, 1.5], "texture": "#0"}
			}
		},
		{
			"from": [0, 11, 0],
			"to": [4, 12, 1],
			"faces": {
				"north": {"uv": [14.5, 1.5, 15.5, 1.75], "texture": "#0"},
				"east": {"uv": [13.5, 15, 13.75, 15.25], "texture": "#0"},
				"south": {"uv": [14.5, 1.75, 15.5, 2], "texture": "#0"},
				"west": {"uv": [15, 13.5, 15.25, 13.75], "texture": "#0"},
				"up": {"uv": [3, 14.75, 2, 14.5], "texture": "#0"},
				"down": {"uv": [15.5, 2, 14.5, 2.25], "texture": "#0"}
			}
		},
		{
			"from": [0, 10, 0],
			"to": [3, 11, 1],
			"faces": {
				"north": {"uv": [12.75, 14.5, 13.5, 14.75], "texture": "#0"},
				"east": {"uv": [13.75, 15, 14, 15.25], "texture": "#0"},
				"south": {"uv": [13.5, 14.5, 14.25, 14.75], "texture": "#0"},
				"west": {"uv": [15, 14, 15.25, 14.25], "texture": "#0"},
				"up": {"uv": [15, 14.75, 14.25, 14.5], "texture": "#0"},
				"down": {"uv": [15.25, 14.25, 14.5, 14.5], "texture": "#0"}
			}
		},
		{
			"from": [6, 16, 8],
			"to": [7, 17, 9],
			"faces": {
				"north": {"uv": [14.25, 15, 14.5, 15.25], "texture": "#0"},
				"east": {"uv": [14.5, 15, 14.75, 15.25], "texture": "#0"},
				"south": {"uv": [15, 14.5, 15.25, 14.75], "texture": "#0"},
				"west": {"uv": [14.75, 15, 15, 15.25], "texture": "#0"},
				"up": {"uv": [15.25, 15, 15, 14.75], "texture": "#0"},
				"down": {"uv": [15.25, 15, 15, 15.25], "texture": "#0"}
			}
		},
		{
			"from": [8, 16, 6],
			"to": [9, 17, 11],
			"faces": {
				"north": {"uv": [0, 15.25, 0.25, 15.5], "texture": "#0"},
				"east": {"uv": [14.25, 0.75, 15.5, 1], "texture": "#0"},
				"south": {"uv": [0.25, 15.25, 0.5, 15.5], "texture": "#0"},
				"west": {"uv": [14.25, 1, 15.5, 1.25], "texture": "#0"},
				"up": {"uv": [14.5, 2.5, 14.25, 1.25], "texture": "#0"},
				"down": {"uv": [14.5, 11, 14.25, 12.25], "texture": "#0"}
			}
		},
		{
			"from": [9, 16, 7],
			"to": [10, 17, 11],
			"faces": {
				"north": {"uv": [0.5, 15.25, 0.75, 15.5], "texture": "#0"},
				"east": {"uv": [14.5, 2.25, 15.5, 2.5], "texture": "#0"},
				"south": {"uv": [0.75, 15.25, 1, 15.5], "texture": "#0"},
				"west": {"uv": [3, 14.5, 4, 14.75], "texture": "#0"},
				"up": {"uv": [4.25, 15.5, 4, 14.5], "texture": "#0"},
				"down": {"uv": [4.5, 14.5, 4.25, 15.5], "texture": "#0"}
			}
		},
		{
			"from": [10, 16, 8],
			"to": [11, 17, 10],
			"faces": {
				"north": {"uv": [1, 15.25, 1.25, 15.5], "texture": "#0"},
				"east": {"uv": [14.75, 13.25, 15.25, 13.5], "texture": "#0"},
				"south": {"uv": [1.25, 15.25, 1.5, 15.5], "texture": "#0"},
				"west": {"uv": [13.5, 14.75, 14, 15], "texture": "#0"},
				"up": {"uv": [10.5, 15.25, 10.25, 14.75], "texture": "#0"},
				"down": {"uv": [14.25, 14.75, 14, 15.25], "texture": "#0"}
			}
		},
		{
			"from": [7, 16, 7],
			"to": [8, 17, 10],
			"faces": {
				"north": {"uv": [2, 15.25, 2.25, 15.5], "texture": "#0"},
				"east": {"uv": [0, 14.75, 0.75, 15], "texture": "#0"},
				"south": {"uv": [2.25, 15.25, 2.5, 15.5], "texture": "#0"},
				"west": {"uv": [0.75, 14.75, 1.5, 15], "texture": "#0"},
				"up": {"uv": [1.75, 15.5, 1.5, 14.75], "texture": "#0"},
				"down": {"uv": [2, 14.75, 1.75, 15.5], "texture": "#0"}
			}
		},
		{
			"from": [15, 1, 1],
			"to": [16, 15, 16],
			"faces": {
				"north": {"uv": [12, 11, 12.25, 14.5], "texture": "#0"},
				"east": {"uv": [0, 7.5, 3.75, 11], "texture": "#0"},
				"south": {"uv": [12.25, 0, 12.5, 3.5], "texture": "#0"},
				"west": {"uv": [3.75, 7.5, 7.5, 11], "texture": "#0"},
				"up": {"uv": [11.75, 14.75, 11.5, 11], "texture": "#0"},
				"down": {"uv": [12, 11, 11.75, 14.75], "texture": "#0"}
			}
		},
		{
			"from": [0, 1, 15],
			"to": [15, 15, 16],
			"faces": {
				"north": {"uv": [7.5, 7.5, 11.25, 11], "texture": "#0"},
				"east": {"uv": [10.5, 12.25, 10.75, 15.75], "texture": "#0"},
				"south": {"uv": [8, 0, 11.75, 3.5], "texture": "#0"},
				"west": {"uv": [10.75, 12.25, 11, 15.75], "texture": "#0"},
				"up": {"uv": [15.25, 5.5, 11.5, 5.25], "texture": "#0"},
				"down": {"uv": [15.25, 5.5, 11.5, 5.75], "texture": "#0"}
			}
		},
		{
			"from": [0, 1, 1],
			"to": [1, 15, 15],
			"faces": {
				"north": {"uv": [11, 12.25, 11.25, 15.75], "texture": "#0"},
				"east": {"uv": [3.5, 11, 7, 14.5], "texture": "#0"},
				"south": {"uv": [12.25, 11, 12.5, 14.5], "texture": "#0"},
				"west": {"uv": [7, 11, 10.5, 14.5], "texture": "#0"},
				"up": {"uv": [11.5, 15.75, 11.25, 12.25], "texture": "#0"},
				"down": {"uv": [12.75, 0, 12.5, 3.5], "texture": "#0"}
			}
		},
		{
			"from": [0, 15, 0],
			"to": [16, 16, 1],
			"faces": {
				"north": {"uv": [11.25, 10.75, 15.25, 11], "texture": "#0"},
				"east": {"uv": [2.5, 15.25, 2.75, 15.5], "texture": "#0"},
				"south": {"uv": [11.5, 3.5, 15.5, 3.75], "texture": "#0"},
				"west": {"uv": [15.25, 2.5, 15.5, 2.75], "texture": "#0"},
				"up": {"uv": [15.5, 4, 11.5, 3.75], "texture": "#0"},
				"down": {"uv": [15.5, 4, 11.5, 4.25], "texture": "#0"}
			}
		}
	],
	"display": {
		"thirdperson_righthand": {
			"rotation": [69, 0, 0],
			"scale": [0.3, 0.3, 0.3]
		},
		"thirdperson_lefthand": {
			"rotation": [69, 0, 0],
			"scale": [0.3, 0.3, 0.3]
		},
		"firstperson_righthand": {
			"translation": [0, 2, 3],
			"scale": [0.3, 0.3, 0.3]
		},
		"firstperson_lefthand": {
			"translation": [0, 2, 3],
			"scale": [0.3, 0.3, 0.3]
		},
		"ground": {
			"scale": [0.3, 0.3, 0.3]
		},
		"gui": {
			"rotation": [0, -180, 0],
			"scale": [0.8, 0.8, 0.8]
		},
		"head": {
			"translation": [0, 1.5, 0]
		},
		"fixed": {
			"scale": [0.8, 0.8, 0.01]
		}
	},
	"groups": [
		0,
		{
			"name": "facehead",
			"origin": [0, 0, 0],
			"color": 0,
			"children": [1, 2, 3, 4, 5, 6, 7, 8, 9, 10, 11, 12, 13, 14, 15, 16, 17, 18, 19, 20, 21, 22, 23, 24, 25, 26, 27, 28, 29, 30, 31]
		},
		{
			"name": "tophead",
			"origin": [0, 0, 0],
			"color": 0,
			"children": [32, 33, 34, 35, 36]
		},
		37,
		38,
		39,
		40
	]
}