{
	"credit": "Made with Blockbench",
	"texture_size": [64, 64],
	"textures": {
		"0": "dominiaarmor:item/witchhat",
		"particle": "dominiaarmor:item/witchhat"
	},
	"elements": [
		{
			"from": [2, 7, 2],
			"to": [14, 8, 14],
			"faces": {
				"north": {"uv": [9.25, 3, 12.25, 3.25], "texture": "#0"},
				"east": {"uv": [3.25, 10.25, 6.25, 10.5], "texture": "#0"},
				"south": {"uv": [10.25, 10, 13.25, 10.25], "texture": "#0"},
				"west": {"uv": [10.5, 7.25, 13.5, 7.5], "texture": "#0"},
				"up": {"uv": [3, 3, 0, 0], "texture": "#0"},
				"down": {"uv": [3, 3.25, 0, 6.25], "texture": "#0"}
			}
		},
		{
			"from": [14, 7, 3],
			"to": [16, 8, 13],
			"rotation": {"angle": 22.5, "axis": "z", "origin": [14, 7, 4]},
			"faces": {
				"north": {"uv": [7.75, 7.25, 8.25, 7.5], "texture": "#0"},
				"east": {"uv": [11, 3.5, 13.5, 3.75], "texture": "#0"},
				"south": {"uv": [5.75, 10.75, 6.25, 11], "texture": "#0"},
				"west": {"uv": [4.5, 11.25, 7, 11.5], "texture": "#0"},
				"up": {"uv": [1.5, 11, 1, 8.5], "texture": "#0"},
				"down": {"uv": [2.25, 8.5, 1.75, 11], "texture": "#0"}
			}
		},
		{
			"from": [0, 7, 3],
			"to": [2, 8, 13],
			"rotation": {"angle": -22.5, "axis": "z", "origin": [2, 7, 4]},
			"faces": {
				"north": {"uv": [9.5, 10.75, 10, 11], "texture": "#0"},
				"east": {"uv": [7.25, 11.25, 9.75, 11.5], "texture": "#0"},
				"south": {"uv": [9.5, 12, 10, 12.25], "texture": "#0"},
				"west": {"uv": [0, 11.5, 2.5, 11.75], "texture": "#0"},
				"up": {"uv": [9, 9.75, 8.5, 7.25], "texture": "#0"},
				"down": {"uv": [3, 8.75, 2.5, 11.25], "texture": "#0"}
			}
		},
		{
			"from": [3, 7, 14],
			"to": [13, 8, 16],
			"rotation": {"angle": 22.5, "axis": "x", "origin": [1, 8, 14]},
			"faces": {
				"north": {"uv": [11.5, 9.25, 14, 9.5], "texture": "#0"},
				"east": {"uv": [10.25, 12, 10.75, 12.25], "texture": "#0"},
				"south": {"uv": [10, 11.5, 12.5, 11.75], "texture": "#0"},
				"west": {"uv": [11, 12, 11.5, 12.25], "texture": "#0"},
				"up": {"uv": [10.75, 4, 8.25, 3.5], "texture": "#0"},
				"down": {"uv": [11.25, 4.25, 8.75, 4.75], "texture": "#0"}
			}
		},
		{
			"from": [3, 7, 0],
			"to": [13, 8, 2],
			"rotation": {"angle": 22.5, "axis": "x", "origin": [1, 7, 2]},
			"faces": {
				"north": {"uv": [11.5, 10.5, 14, 10.75], "texture": "#0"},
				"east": {"uv": [11.75, 12, 12.25, 12.25], "texture": "#0"},
				"south": {"uv": [11.5, 11, 14, 11.25], "texture": "#0"},
				"west": {"uv": [12.25, 7.75, 12.75, 8], "texture": "#0"},
				"up": {"uv": [11.75, 2, 9.25, 1.5], "texture": "#0"},
				"down": {"uv": [11.75, 2.25, 9.25, 2.75], "texture": "#0"}
			}
		},
		{
			"from": [4, 9, 4],
			"to": [12, 11, 12],
			"rotation": {"angle": -22.5, "axis": "z", "origin": [8, 11, 4]},
			"faces": {
				"north": {"uv": [3.25, 8.75, 5.25, 9.25], "texture": "#0"},
				"east": {"uv": [9.25, 5, 11.25, 5.5], "texture": "#0"},
				"south": {"uv": [9.25, 5.75, 11.25, 6.25], "texture": "#0"},
				"west": {"uv": [9.25, 6.5, 11.25, 7], "texture": "#0"},
				"up": {"uv": [5.25, 7.5, 3.25, 5.5], "texture": "#0"},
				"down": {"uv": [7.5, 5.5, 5.5, 7.5], "texture": "#0"}
			}
		},
		{
			"from": [4, 11, 4],
			"to": [12, 13, 12],
			"rotation": {"angle": -22.5, "axis": "z", "origin": [8, 11, 4]},
			"faces": {
				"north": {"uv": [9.25, 8.5, 11.25, 9], "texture": "#0"},
				"east": {"uv": [9.25, 9.25, 11.25, 9.75], "texture": "#0"},
				"south": {"uv": [3.25, 9.5, 5.25, 10], "texture": "#0"},
				"west": {"uv": [9.75, 0, 11.75, 0.5], "texture": "#0"},
				"up": {"uv": [8, 2, 6, 0], "texture": "#0"},
				"down": {"uv": [8, 2.25, 6, 4.25], "texture": "#0"}
			}
		},
		{
			"from": [3, 8, 3],
			"to": [13, 11, 13],
			"rotation": {"angle": 0, "axis": "z", "origin": [11, 12, 10]},
			"faces": {
				"north": {"uv": [6, 4.5, 8.5, 5.25], "texture": "#0"},
				"east": {"uv": [0, 6.5, 2.5, 7.25], "texture": "#0"},
				"south": {"uv": [0, 7.5, 2.5, 8.25], "texture": "#0"},
				"west": {"uv": [2.75, 7.75, 5.25, 8.5], "texture": "#0"},
				"up": {"uv": [5.75, 2.5, 3.25, 0], "texture": "#0"},
				"down": {"uv": [5.75, 2.75, 3.25, 5.25], "texture": "#0"}
			}
		},
		{
			"from": [6, 13, 5],
			"to": [11, 15, 10],
			"rotation": {"angle": 22.5, "axis": "x", "origin": [7, 11, 8]},
			"faces": {
				"north": {"uv": [5.5, 9.5, 6.75, 10], "texture": "#0"},
				"east": {"uv": [11.5, 4, 12.75, 4.5], "texture": "#0"},
				"south": {"uv": [11.5, 4.75, 12.75, 5.25], "texture": "#0"},
				"west": {"uv": [11.5, 5.5, 12.75, 6], "texture": "#0"},
				"up": {"uv": [8.25, 9, 7, 7.75], "texture": "#0"},
				"down": {"uv": [9.5, 0, 8.25, 1.25], "texture": "#0"}
			}
		},
		{
			"from": [6, 10.08239, 4.61313],
			"to": [11, 12.08239, 10.61313],
			"rotation": {"angle": 22.5, "axis": "x", "origin": [11, 12.08239, 10.61313]},
			"faces": {
				"north": {"uv": [11.5, 6.25, 12.75, 6.75], "texture": "#0"},
				"east": {"uv": [6.5, 10.5, 8, 11], "texture": "#0"},
				"south": {"uv": [11.5, 8.5, 12.75, 9], "texture": "#0"},
				"west": {"uv": [10.5, 7.75, 12, 8.25], "texture": "#0"},
				"up": {"uv": [6.75, 9.25, 5.5, 7.75], "texture": "#0"},
				"down": {"uv": [9, 5.5, 7.75, 7], "texture": "#0"}
			}
		},
		{
			"from": [9, 10.53073, 4.30448],
			"to": [12, 12.53073, 11.30448],
			"rotation": {"angle": 0, "axis": "x", "origin": [11, 12.53073, 4.30448]},
			"faces": {
				"north": {"uv": [6.5, 11.75, 7.25, 12.25], "texture": "#0"},
				"east": {"uv": [9.75, 0.75, 11.5, 1.25], "texture": "#0"},
				"south": {"uv": [7.5, 11.75, 8.25, 12.25], "texture": "#0"},
				"west": {"uv": [8.25, 10, 10, 10.5], "texture": "#0"},
				"up": {"uv": [9, 3.25, 8.25, 1.5], "texture": "#0"},
				"down": {"uv": [0.75, 8.5, 0, 10.25], "texture": "#0"}
			}
		},
		{
			"from": [6, 14.1, 3],
			"to": [10, 15.1, 7],
			"rotation": {"angle": 22.5, "axis": "x", "origin": [8, 4, 9]},
			"faces": {
				"north": {"uv": [4.5, 10.75, 5.5, 11], "texture": "#0"},
				"east": {"uv": [8.25, 10.75, 9.25, 11], "texture": "#0"},
				"south": {"uv": [12, 0, 13, 0.25], "texture": "#0"},
				"west": {"uv": [1, 12, 2, 12.25], "texture": "#0"},
				"up": {"uv": [8, 10.25, 7, 9.25], "texture": "#0"},
				"down": {"uv": [10.25, 7.25, 9.25, 8.25], "texture": "#0"}
			}
		},
		{
			"from": [6, 15.1, 3],
			"to": [10, 17.1, 6],
			"rotation": {"angle": 22.5, "axis": "x", "origin": [8, 4, 9]},
			"faces": {
				"north": {"uv": [11.75, 0.75, 12.75, 1.25], "texture": "#0"},
				"east": {"uv": [8.5, 11.75, 9.25, 12.25], "texture": "#0"},
				"south": {"uv": [2.75, 11.75, 3.75, 12.25], "texture": "#0"},
				"west": {"uv": [0, 12, 0.75, 12.5], "texture": "#0"},
				"up": {"uv": [11.25, 11.25, 10.25, 10.5], "texture": "#0"},
				"down": {"uv": [4.25, 10.75, 3.25, 11.5], "texture": "#0"}
			}
		},
		{
			"from": [7, 15.6, 9],
			"to": [9, 17.6, 12],
			"rotation": {"angle": -22.5, "axis": "x", "origin": [6, 17, 7]},
			"faces": {
				"north": {"uv": [12, 1.5, 12.5, 2], "texture": "#0"},
				"east": {"uv": [0, 10.5, 0.75, 11], "texture": "#0"},
				"south": {"uv": [12, 2.25, 12.5, 2.75], "texture": "#0"},
				"west": {"uv": [4, 11.75, 4.75, 12.25], "texture": "#0"},
				"up": {"uv": [5.5, 12.5, 5, 11.75], "texture": "#0"},
				"down": {"uv": [6.25, 11.75, 5.75, 12.5], "texture": "#0"}
			}
		}
	],
	"display": {
		"thirdperson_righthand": {
			"rotation": [17, 0, 0],
			"translation": [0, 0.75, 0],
			"scale": [0.75, 0.75, 0.75]
		},
		"thirdperson_lefthand": {
			"rotation": [17, 0, 0],
			"translation": [0, 0.75, 0],
			"scale": [0.75, 0.75, 0.75]
		},
		"firstperson_righthand": {
			"translation": [0, -1.25, 0]
		},
		"firstperson_lefthand": {
			"translation": [0, -1.25, 0]
		},
		"ground": {
			"translation": [3, 0, 3],
			"scale": [1.1, 1.1, 1.1]
		},
		"gui": {
			"rotation": [0, 180, 0],
			"translation": [0, -3.75, 0],
			"scale": [1.1, 1.1, 1]
		},
		"head": {
			"translation": [0, 6.5, 0],
			"scale": [1.6, 1.6, 1.6]
		},
		"fixed": {
			"translation": [0, -3.75, 0],
			"scale": [1.4, 1.4, 0.1]
		}
	},
	"groups": [
		{
			"name": "Brim",
			"origin": [4, 7, 4],
			"color": 0,
			"children": [0, 1, 2, 3, 4]
		},
		{
			"name": "Top",
			"origin": [8, 10, 8],
			"color": 0,
			"children": [5, 6, 7, 8, 9, 10, 11, 12, 13]
		}
	]
}