{
  "parent": "minecraft:item/generated",
  "textures": {
    "layer0": "minecraft:item/arrow"
  },
  "overrides": [
    {
      "predicate": {
        "custom_model_data": 1
      },
      "model": "minecraft:item/icon_back"
    },
    {
      "predicate": {
        "custom_model_data": 2
      },
      "model": "minecraft:item/icon_forward"
    },
    {
      "predicate": {
        "custom_model_data": 3
      },
      "model": "minecraft:item/icon_return"
    },
    {
      "predicate": {
        "custom_model_data": 4
      },
      "model": "minecraft:item/icon_tick"
    },
    {
      "predicate": {
        "custom_model_data": 5
      },
      "model": "minecraft:item/icon_cross"
    }
  ]
}
